rut;fecha_hora;tipo;origen
12.345.678-5;2026-09-16 08:02:00;E;RELOJ
12345678-5;2026-09-16 17:01:00;S;RELOJ
9.876.543-3;2026-09-16 08:05:00;E;APP
9.876.543-3;2026-09-16 17:00:00;S;APP
15.678.234-3;2026-09-16 07:59:00;E;RELOJ
15.678.234-3;2026-09-16 07:59:00;E;RELOJ
11.223.344-K;2026-09-16 08:00:00;E;RELOJ
11.223.344-K;2026-09-16 17:00:00;S;RELOJ
17.890.123-0;2026-09-16 21:58:00;E;RELOJ
13.579.246-2;2026-09-16 22:03:00;E;RELOJ
12.345.678-1;2026-09-16 08:00:00;E;RELOJ
22.222.222-2;2026-09-16 08:00:00;E;RELOJ
10.203.040-0;2026-09-16 08:00:00;E;RELOJ
14.141.414-3;2026-09-16 08:00:00;E;RELOJ
12.345.678-5;2026-09-16 25:00:00;E;RELOJ
12.345.678-5;2026-09-16 12:00:00;X;RELOJ
12.345.678-5;2026-09-15 07:58:00;E;RELOJ
;2026-09-16 08:00:00;E;RELOJ
